2025-12-07_11-48-45,100,draft.py:2025-12-07_11-48-45
2025-12-07_11-57-56,100,draft.py:2025-12-07_11-57-56
2025-12-07_12-15-43,0,draft.py:2025-12-07_12-15-43
2025-12-07_12-17-08,0,draft.py:2025-12-07_12-15-43
2025-12-07_12-27-07,100,draft.py:2025-12-07_12-27-07
2025-12-07_12-31-13,0,draft.py:2025-12-07_12-31-13
2025-12-07_12-32-00,0,draft.py:2025-12-07_12-32-00
2025-12-07_12-32-17,0,draft.py:2025-12-07_12-32-17
2025-12-07_12-34-13,0,draft.py:2025-12-07_12-34-13
2025-12-07_12-35-56,0,draft.py:2025-12-07_12-35-56
2025-12-07_12-36-34,0,draft.py:2025-12-07_12-36-34
2025-12-07_12-37-15,0,draft.py:2025-12-07_12-37-15
2025-12-07_12-41-11,0,draft.py:2025-12-07_12-41-11
2025-12-07_12-41-35,0,draft.py:2025-12-07_12-41-35
2025-12-07_12-41-47,0,draft.py:2025-12-07_12-41-47
2025-12-07_12-44-06,0,draft.py:2025-12-07_12-44-06
2025-12-07_12-44-51,0,draft.py:2025-12-07_12-44-51
