2025-11-30_23-26-53,0,draft.py:2025-11-30_23-26-53
2025-11-30_23-38-51,0,draft.py:2025-11-30_23-38-51
2025-11-30_23-59-39,0,draft.py:2025-11-30_23-59-39
2025-12-01_00-04-53,0,draft.py:2025-12-01_00-04-53
2025-12-01_00-07-53,20,draft.py:2025-12-01_00-07-53
2025-12-01_00-10-59,20,draft.py:2025-12-01_00-10-59
2025-12-01_00-16-40,20,draft.py:2025-12-01_00-16-40
2025-12-01_00-17-28,20,draft.py:2025-12-01_00-17-28
2025-12-01_00-19-57,20,draft.py:2025-12-01_00-19-57
2025-12-01_00-20-26,20,draft.py:2025-12-01_00-20-26
2025-12-01_00-24-00,20,draft.py:2025-12-01_00-24-00
2025-12-01_00-24-07,20,draft.py:2025-12-01_00-24-00
2025-12-01_00-24-39,20,draft.py:2025-12-01_00-24-39
2025-12-01_00-25-11,20,draft.py:2025-12-01_00-24-39
2025-12-01_00-26-44,60,draft.py:2025-12-01_00-26-44
2025-12-01_00-29-16,100,draft.py:2025-12-01_00-29-16
2025-12-01_00-29-37,100,draft.py:2025-12-01_00-29-37
2025-12-01_00-29-52,100,draft.py:2025-12-01_00-29-37
2025-12-02_02-15-32,100,draft.py:2025-12-02_02-15-32
