2026-01-14_15-10-30,0,draft.py:2026-01-14_15-10-30
2026-01-14_15-10-43,0,draft.py:2026-01-14_15-10-43
2026-01-14_15-10-44,0,draft.py:2026-01-14_15-10-43
2026-01-14_15-16-57,0,draft.py:2026-01-14_15-16-57
2026-01-14_15-44-06,0,draft.py:2026-01-14_15-44-06
2026-01-14_19-29-01,0,draft.py:2026-01-14_19-29-01
2026-01-14_20-53-51,0,draft.py:2026-01-14_20-53-51
2026-01-14_20-59-04,0,draft.py:2026-01-14_20-59-04
2026-01-16_11-03-01,0,draft.py:2026-01-14_20-59-04
2026-01-16_12-05-06,0,draft.py:2026-01-16_12-05-06
2026-01-16_12-11-25,0,draft.py:2026-01-16_12-11-25
2026-01-16_12-12-31,0,draft.py:2026-01-16_12-12-31
2026-01-16_12-16-50,0,draft.py:2026-01-16_12-16-50
2026-01-16_12-29-51,0,draft.py:2026-01-16_12-29-51
2026-01-16_12-36-14,0,draft.py:2026-01-16_12-36-14
2026-01-16_12-36-48,10,draft.py:2026-01-16_12-36-48
2026-01-16_12-40-05,20,draft.py:2026-01-16_12-40-05
2026-01-16_12-40-22,10,draft.py:2026-01-16_12-40-22
2026-01-16_12-41-13,20,draft.py:2026-01-16_12-41-13
2026-01-16_12-42-24,20,draft.py:2026-01-16_12-42-24
2026-01-16_12-42-34,20,draft.py:2026-01-16_12-42-34
2026-01-16_12-42-55,30,draft.py:2026-01-16_12-42-55
2026-01-16_12-43-26,30,draft.py:2026-01-16_12-43-26
2026-01-16_12-43-50,40,draft.py:2026-01-16_12-43-50
2026-01-16_12-44-10,100,draft.py:2026-01-16_12-44-10
2026-01-16_12-44-17,100,draft.py:2026-01-16_12-44-10
