2025-12-08_01-32-50,100,draft.py:2025-12-08_01-32-50
2025-12-08_01-40-33,100,draft.py:2025-12-08_01-40-33
2025-12-08_14-19-06,100,draft.py:2025-12-08_01-40-33
2025-12-08_14-24-58,0,draft.py:2025-12-08_14-24-58
2025-12-08_16-45-06,100,draft.py:2025-12-08_16-45-06
2025-12-08_16-45-27,100,draft.py:2025-12-08_16-45-06
2025-12-09_12-11-59,100,draft.py:2025-12-08_16-45-06
2025-12-09_12-16-34,100,draft.py:2025-12-09_12-16-34
2025-12-09_12-20-44,100,draft.py:2025-12-09_12-20-44
2025-12-09_12-28-12,100,draft.py:2025-12-09_12-28-12
2025-12-10_11-20-06,100,draft.py:2025-12-09_12-28-12
2025-12-10_11-25-57,100,draft.py:2025-12-10_11-25-57
2025-12-10_11-31-08,100,draft.py:2025-12-10_11-31-08
2025-12-10_11-39-46,100,draft.py:2025-12-10_11-39-46
2025-12-10_11-47-13,0,draft.py:2025-12-10_11-47-13
2025-12-10_11-48-18,0,draft.py:2025-12-10_11-48-18
2025-12-10_11-48-42,0,draft.py:2025-12-10_11-48-42
2025-12-10_11-49-53,0,draft.py:2025-12-10_11-49-53
2025-12-10_11-50-10,0,draft.py:2025-12-10_11-50-10
2025-12-10_11-50-10,0,draft.py:2025-12-10_11-50-10
2025-12-10_11-52-42,0,draft.py:2025-12-10_11-52-42
2025-12-11_12-21-50,0,draft.py:2025-12-10_11-52-42
